Timestamp,Client_IP,Domain,Mode,Server_IP,Step,Response type,RTT(s),Cache Status,Cumulative Time(ms)
2025-10-25 22:47:07,10.0.0.1,tuhafhaberler.com.,Recursive,198.41.0.4,Root,Referral,160.718,MISS,160.718
2025-10-25 22:47:08,10.0.0.1,tuhafhaberler.com.,Recursive,192.41.162.30,TLD,Referral,149.2133,MISS,309.9314
2025-10-25 22:47:08,10.0.0.1,tuhafhaberler.com.,Recursive,-,N/A,Failure,None,MISS,309.9314
2025-10-25 22:47:08,10.0.0.1,rtsab.com.,Recursive,-,Cache,Referral,None,HIT,0
2025-10-25 22:47:08,10.0.0.1,rtsab.com.,Recursive,192.35.51.30,Authoritative,Referral,179.4941,MISS,179.4941
2025-10-25 22:47:08,10.0.0.1,rtsab.com.,Recursive,193.14.90.50,Authoritative,Referral,193.8989,MISS,373.3931
2025-10-25 22:47:08,10.0.0.1,rtsab.com.,Recursive,-,N/A,Failure,None,MISS,373.3931
2025-10-25 22:47:08,10.0.0.1,i-butterfly.ru.,Recursive,198.41.0.4,Root,Referral,171.6208,MISS,171.6208
2025-10-25 22:47:09,10.0.0.1,i-butterfly.ru.,Recursive,193.232.128.6,TLD,Referral,230.9781,MISS,402.5989
2025-10-25 22:47:09,10.0.0.1,fred.ns.cloudflare.com.,Recursive,-,Cache,Referral,None,HIT,0
2025-10-25 22:47:09,10.0.0.1,fred.ns.cloudflare.com.,Recursive,192.35.51.30,Authoritative,Referral,199.52,MISS,199.52
2025-10-25 22:47:09,10.0.0.1,fred.ns.cloudflare.com.,Recursive,162.159.0.33,Authoritative,Response,49.9698,MISS,249.4898
2025-10-25 22:47:09,10.0.0.1,i-butterfly.ru.,Recursive,173.245.59.113,Authoritative,Response,57.9583,MISS,307.4481
2025-10-25 22:47:09,10.0.0.1,sofia.ns.cloudflare.com.,Recursive,-,Cache,Referral,None,HIT,0
2025-10-25 22:47:09,10.0.0.1,sofia.ns.cloudflare.com.,Recursive,162.159.4.8,Authoritative,Response,51.6943,MISS,51.6943
2025-10-25 22:47:09,10.0.0.1,i-butterfly.ru.,Recursive,173.245.58.223,Authoritative,Response,51.7636,MISS,103.4579
2025-10-25 22:47:09,10.0.0.1,datepanchang.com.,Recursive,-,Cache,Referral,None,HIT,0
2025-10-25 22:47:09,10.0.0.1,datepanchang.com.,Recursive,192.35.51.30,Authoritative,Referral,185.1639,MISS,185.1639
2025-10-25 22:47:10,10.0.0.1,datepanchang.com.,Recursive,108.162.194.214,Authoritative,Response,261.6889,MISS,446.8528
2025-10-25 22:47:10,10.0.0.1,localhost.re.,Recursive,198.41.0.4,Root,Referral,171.0887,MISS,171.0887
2025-10-25 22:47:10,10.0.0.1,localhost.re.,Recursive,194.0.9.1,TLD,Referral,159.7728,MISS,330.8615
2025-10-25 22:47:10,10.0.0.1,hassan.ns.cloudflare.com.,Recursive,-,Cache,Referral,None,HIT,0
2025-10-25 22:47:10,10.0.0.1,hassan.ns.cloudflare.com.,Recursive,162.159.4.8,Authoritative,Response,57.3786,MISS,57.3786
2025-10-25 22:47:10,10.0.0.1,localhost.re.,Recursive,108.162.195.149,Authoritative,Response,53.544,MISS,110.9226
2025-10-25 22:47:10,10.0.0.1,megan.ns.cloudflare.com.,Recursive,-,Cache,Referral,None,HIT,0
2025-10-25 22:47:10,10.0.0.1,megan.ns.cloudflare.com.,Recursive,162.159.4.8,Authoritative,Response,54.3865,MISS,54.3865
2025-10-25 22:47:10,10.0.0.1,localhost.re.,Recursive,173.245.58.197,Authoritative,Response,56.8092,MISS,111.1957
2025-10-25 22:47:10,10.0.0.1,daehepharma.com.,Recursive,-,Cache,Referral,None,HIT,0
2025-10-25 22:47:10,10.0.0.1,daehepharma.com.,Recursive,192.35.51.30,Authoritative,Referral,179.4659,MISS,179.4659
2025-10-25 22:47:10,10.0.0.1,daehepharma.com.,Recursive,220.73.163.40,Authoritative,Referral,189.608,MISS,369.0738
2025-10-25 22:47:10,10.0.0.1,daehepharma.com.,Recursive,-,N/A,Failure,None,MISS,369.0738
2025-10-25 22:47:11,10.0.0.1,ex-jw.org.,Recursive,198.41.0.4,Root,Referral,154.0652,MISS,154.0652
2025-10-25 22:47:11,10.0.0.1,ex-jw.org.,Recursive,199.249.112.1,TLD,Referral,90.9733,MISS,245.0385
2025-10-25 22:47:11,10.0.0.1,ns10.wixdns.net.,Recursive,198.41.0.4,Root,Referral,157.4253,MISS,402.4638
2025-10-25 22:47:11,10.0.0.1,ns10.wixdns.net.,Recursive,192.55.83.30,TLD,Referral,165.6261,MISS,568.0899
2025-10-25 22:47:14,10.0.0.1,ns10.wixdns.net.,Recursive,198.51.45.2,Authoritative,Response,59.0519,MISS,627.1418
2025-10-25 22:47:14,10.0.0.1,ex-jw.org.,Recursive,216.239.36.100,Authoritative,Response,36.5221,MISS,663.6639
2025-10-25 22:47:14,10.0.0.1,ns11.wixdns.net.,Recursive,-,Cache,Referral,None,HIT,0
2025-10-25 22:47:14,10.0.0.1,ns11.wixdns.net.,Recursive,198.51.45.66,Authoritative,Response,58.9297,MISS,58.9297
2025-10-25 22:47:14,10.0.0.1,ex-jw.org.,Recursive,216.239.38.100,Authoritative,Response,30.491,MISS,89.4208
2025-10-25 22:47:14,10.0.0.1,us.tf.,Recursive,198.41.0.4,Root,Referral,156.4455,MISS,156.4455
2025-10-25 22:47:15,10.0.0.1,us.tf.,Recursive,194.146.106.46,TLD,Referral,164.4364,MISS,320.8819
2025-10-25 22:47:15,10.0.0.1,ns2.idnscan.net.,Recursive,-,Cache,Referral,None,HIT,0
2025-10-25 22:47:18,10.0.0.1,ns2.idnscan.net.,Recursive,-,Cache,Referral,None,HIT,0
2025-10-25 22:47:18,10.0.0.1,ns2.idnscan.net.,Recursive,199.9.14.201,Root,Referral,316.4977,MISS,316.4977
2025-10-25 22:47:18,10.0.0.1,ns2.idnscan.net.,Recursive,192.5.6.30,TLD,Referral,191.2127,MISS,507.7104
2025-10-25 22:47:18,10.0.0.1,ns1.domainers.de.,Recursive,198.41.0.4,Root,Referral,181.8948,MISS,689.6052
2025-10-25 22:47:18,10.0.0.1,ns1.domainers.de.,Recursive,194.0.0.53,TLD,Referral,170.7527,MISS,860.3579
2025-10-25 22:47:19,10.0.0.1,ns1.domainers.de.,Recursive,95.130.16.246,Authoritative,Response,188.5798,MISS,1048.9377
2025-10-25 22:47:19,10.0.0.1,ns2.idnscan.net.,Recursive,95.130.16.246,Authoritative,Response,181.5592,MISS,1230.4969
2025-10-25 22:47:19,10.0.0.1,ns2.domainers.de.,Recursive,-,Cache,Referral,None,HIT,0
2025-10-25 22:47:19,10.0.0.1,ns2.domainers.de.,Recursive,144.76.91.137,Authoritative,Response,166.4831,MISS,166.4831
2025-10-25 22:47:19,10.0.0.1,ns2.idnscan.net.,Recursive,95.130.17.218,Authoritative,Response,197.65,MISS,364.1331
2025-10-25 22:47:19,10.0.0.1,ns3.domainers.de.,Recursive,-,Cache,Referral,None,HIT,0
2025-10-25 22:47:19,10.0.0.1,ns3.domainers.de.,Recursive,144.76.91.137,Authoritative,Response,168.2386,MISS,168.2386
2025-10-25 22:47:20,10.0.0.1,ns2.idnscan.net.,Recursive,217.146.22.194,Authoritative,Response,174.7184,MISS,342.9569
2025-10-25 22:47:20,10.0.0.1,ns4.domainers.de.,Recursive,-,Cache,Referral,None,HIT,0
2025-10-25 22:47:20,10.0.0.1,ns4.domainers.de.,Recursive,144.76.91.137,Authoritative,Response,171.0828,MISS,171.0828
2025-10-25 22:47:20,10.0.0.1,ns2.idnscan.net.,Recursive,144.76.91.137,Authoritative,Response,163.27,MISS,334.3528
2025-10-25 22:47:23,10.0.0.1,ns1.idnscan.net.,Recursive,-,Cache,Referral,None,HIT,0
2025-10-25 22:47:26,10.0.0.1,ns1.idnscan.net.,Recursive,-,Cache,Referral,None,HIT,0
2025-10-25 22:47:26,10.0.0.1,ns1.idnscan.net.,Recursive,199.9.14.201,Root,Referral,276.0851,MISS,276.0851
2025-10-25 22:47:26,10.0.0.1,ns1.idnscan.net.,Recursive,192.5.6.30,TLD,Referral,59.8293,MISS,335.9144
2025-10-25 22:47:26,10.0.0.1,ns1.idnscan.net.,Recursive,95.130.16.246,Authoritative,Response,186.5631,MISS,522.4775
2025-10-25 22:47:27,10.0.0.1,ns1.idnscan.net.,Recursive,95.130.17.218,Authoritative,Response,188.1594,MISS,710.637
2025-10-25 22:47:27,10.0.0.1,ns1.idnscan.net.,Recursive,217.146.22.194,Authoritative,Response,177.3021,MISS,887.9391
2025-10-25 22:47:27,10.0.0.1,ns1.idnscan.net.,Recursive,144.76.91.137,Authoritative,Response,156.6424,MISS,1044.5815
2025-10-25 22:47:30,10.0.0.1,us.tf.,Recursive,194.0.9.1,TLD,Referral,158.0003,MISS,1202.5817
2025-10-25 22:47:36,10.0.0.1,us.tf.,Recursive,194.0.36.1,TLD,Referral,44.4525,MISS,1247.0342
2025-10-25 22:47:42,10.0.0.1,us.tf.,Recursive,-,Cache,Referral,None,HIT,0
2025-10-25 22:47:42,10.0.0.1,us.tf.,Recursive,194.0.36.1,Authoritative,Referral,48.4262,MISS,48.4262
2025-10-25 22:47:48,10.0.0.1,us.tf.,Recursive,-,Cache,Referral,None,HIT,0
2025-10-25 22:47:48,10.0.0.1,us.tf.,Recursive,192.33.4.12,Root,Referral,102.9504,MISS,102.9504
2025-10-25 22:47:48,10.0.0.1,us.tf.,Recursive,194.0.36.1,TLD,Referral,44.0736,MISS,147.024
2025-10-25 22:47:54,10.0.0.1,us.tf.,Recursive,194.146.106.46,TLD,Referral,166.5037,MISS,313.5278
2025-10-25 22:48:01,10.0.0.1,us.tf.,Recursive,194.0.9.1,TLD,Referral,161.6668,MISS,475.1945
2025-10-25 22:48:07,10.0.0.1,us.tf.,Recursive,-,N/A,Failure,None,MISS,475.1945
2025-10-25 22:48:07,10.0.0.1,informarexresistere.fr.,Recursive,198.41.0.4,Root,Referral,193.4088,MISS,193.4088
2025-10-25 22:48:07,10.0.0.1,informarexresistere.fr.,Recursive,194.146.106.46,TLD,Referral,165.5353,MISS,358.944
2025-10-25 22:48:07,10.0.0.1,ns100.ovh.net.,Recursive,-,Cache,Referral,None,HIT,0
2025-10-25 22:48:10,10.0.0.1,ns100.ovh.net.,Recursive,-,Cache,Referral,None,HIT,0
2025-10-25 22:48:10,10.0.0.1,ns100.ovh.net.,Recursive,199.9.14.201,Root,Referral,265.7382,MISS,265.7382
2025-10-25 22:48:10,10.0.0.1,ns100.ovh.net.,Recursive,192.5.6.30,TLD,Referral,90.7093,MISS,356.4475
2025-10-25 22:48:11,10.0.0.1,ns100.ovh.net.,Recursive,5.39.20.253,Authoritative,Response,183.4937,MISS,539.9413
2025-10-25 22:48:11,10.0.0.1,informarexresistere.fr.,Recursive,5.135.44.185,Authoritative,Response,171.8526,MISS,711.7939
2025-10-25 22:48:11,10.0.0.1,dns100.ovh.net.,Recursive,-,Cache,Referral,None,HIT,0
2025-10-25 22:48:11,10.0.0.1,dns100.ovh.net.,Recursive,5.135.86.81,Authoritative,Response,180.1939,MISS,180.1939
2025-10-25 22:48:11,10.0.0.1,informarexresistere.fr.,Recursive,5.135.250.177,Authoritative,Response,171.9324,MISS,352.1263
2025-10-25 22:48:11,10.0.0.1,running-sigi.de.,Recursive,-,Cache,Referral,None,HIT,0
2025-10-25 22:48:11,10.0.0.1,running-sigi.de.,Recursive,194.146.107.6,Authoritative,Referral,165.4089,MISS,165.4089
2025-10-25 22:48:11,10.0.0.1,running-sigi.de.,Recursive,-,N/A,Failure,None,MISS,165.4089
2025-10-25 22:48:11,10.0.0.1,buynowfromusa.com.,Recursive,-,Cache,Referral,None,HIT,0
2025-10-25 22:48:11,10.0.0.1,buynowfromusa.com.,Recursive,192.35.51.30,Authoritative,Referral,183.5127,MISS,183.5127
2025-10-25 22:48:12,10.0.0.1,buynowfromusa.com.,Recursive,216.239.32.108,Authoritative,Response,136.0125,MISS,319.5252
2025-10-25 22:48:12,10.0.0.1,pbprofile.com.,Recursive,-,Cache,Referral,None,HIT,0
2025-10-25 22:48:12,10.0.0.1,pbprofile.com.,Recursive,192.35.51.30,Authoritative,Referral,171.2639,MISS,171.2639
2025-10-25 22:48:12,10.0.0.1,pbprofile.com.,Recursive,-,N/A,Failure,None,MISS,171.2639
2025-10-25 22:48:12,10.0.0.1,fini.net.,Recursive,-,Cache,Referral,None,HIT,0
2025-10-25 22:48:15,10.0.0.1,fini.net.,Recursive,-,Cache,Referral,None,HIT,0
2025-10-25 22:48:15,10.0.0.1,fini.net.,Recursive,199.9.14.201,Root,Referral,270.6974,MISS,270.6974
2025-10-25 22:48:15,10.0.0.1,fini.net.,Recursive,192.5.6.30,TLD,Referral,114.1867,MISS,384.884
2025-10-25 22:48:15,10.0.0.1,fini.net.,Recursive,198.57.196.96,Authoritative,Response,294.0305,MISS,678.9145
2025-10-25 22:48:15,10.0.0.1,globalpoliticalspectrum.com.,Recursive,-,Cache,Referral,None,HIT,0
2025-10-25 22:48:16,10.0.0.1,globalpoliticalspectrum.com.,Recursive,192.35.51.30,Authoritative,Referral,178.4325,MISS,178.4325
2025-10-25 22:48:16,10.0.0.1,globalpoliticalspectrum.com.,Recursive,-,N/A,Failure,None,MISS,178.4325
2025-10-25 22:48:16,10.0.0.1,41latitude.com.,Recursive,-,Cache,Referral,None,HIT,0
2025-10-25 22:48:16,10.0.0.1,41latitude.com.,Recursive,192.35.51.30,Authoritative,Referral,172.9976,MISS,172.9976
2025-10-25 22:48:16,10.0.0.1,41latitude.com.,Recursive,156.154.132.200,Authoritative,Referral,56.7799,MISS,229.7776
2025-10-25 22:48:16,10.0.0.1,41latitude.com.,Recursive,-,N/A,Failure,None,MISS,229.7776
2025-10-25 22:48:16,10.0.0.1,zzxu.cn.,Recursive,198.41.0.4,Root,Referral,152.8195,MISS,152.8195
2025-10-25 22:48:16,10.0.0.1,zzxu.cn.,Recursive,203.119.29.1,TLD,Referral,194.9408,MISS,347.7602
2025-10-25 22:48:16,10.0.0.1,ns1.judns.com.,Recursive,-,Cache,Referral,None,HIT,0
2025-10-25 22:48:16,10.0.0.1,ns1.judns.com.,Recursive,192.35.51.30,Authoritative,Referral,179.4757,MISS,179.4757
2025-10-25 22:48:17,10.0.0.1,ns1.judns.com.,Recursive,120.76.107.42,Authoritative,Response,314.0623,MISS,493.5379
2025-10-25 22:48:17,10.0.0.1,ns2.judns.com.,Recursive,-,Cache,Referral,None,HIT,0
2025-10-25 22:48:18,10.0.0.1,ns2.judns.com.,Recursive,47.118.199.211,Authoritative,Response,513.8034,MISS,513.8034
2025-10-25 22:48:18,10.0.0.1,zzxu.cn.,Recursive,203.119.25.1,TLD,Referral,197.4979,MISS,1029.0455
2025-10-25 22:48:19,10.0.0.1,zzxu.cn.,Recursive,203.119.27.1,TLD,Referral,173.5151,MISS,2004.7019
2025-10-25 22:48:23,10.0.0.1,zzxu.cn.,Recursive,202.112.0.44,TLD,Referral,345.5217,MISS,2669.2479
2025-10-25 22:48:24,10.0.0.1,zzxu.cn.,Recursive,203.119.28.1,TLD,Referral,138.5614,MISS,3319.0647
2025-10-25 22:48:25,10.0.0.1,zzxu.cn.,Recursive,203.119.26.1,TLD,Referral,352.8607,MISS,4376.4433
2025-10-25 22:48:28,10.0.0.1,zzxu.cn.,Recursive,-,Cache,Referral,None,HIT,0
2025-10-25 22:48:28,10.0.0.1,zzxu.cn.,Recursive,203.119.26.1,Authoritative,Referral,340.8417,MISS,340.8417
2025-10-25 22:48:29,10.0.0.1,zzxu.cn.,Recursive,-,Cache,Referral,None,HIT,0
2025-10-25 22:48:29,10.0.0.1,zzxu.cn.,Recursive,192.33.4.12,Root,Referral,104.5945,MISS,104.5945
2025-10-25 22:48:30,10.0.0.1,zzxu.cn.,Recursive,202.112.0.44,TLD,Referral,348.146,MISS,452.7405
2025-10-25 22:48:30,10.0.0.1,zzxu.cn.,Recursive,203.119.29.1,TLD,Referral,193.0766,MISS,1106.3096
2025-10-25 22:48:31,10.0.0.1,zzxu.cn.,Recursive,203.119.28.1,TLD,Referral,123.1928,MISS,1590.3405
2025-10-25 22:48:31,10.0.0.1,zzxu.cn.,Recursive,203.119.27.1,TLD,Referral,170.1078,MISS,2244.3083
2025-10-25 22:48:32,10.0.0.1,zzxu.cn.,Recursive,203.119.26.1,TLD,Referral,333.4172,MISS,3226.9506
2025-10-25 22:48:33,10.0.0.1,zzxu.cn.,Recursive,203.119.25.1,TLD,Referral,198.38,MISS,4180.9503
2025-10-25 22:48:37,10.0.0.1,zzxu.cn.,Recursive,-,N/A,Failure,None,MISS,4505.8671
2025-10-25 22:48:37,10.0.0.1,energybulbs.co.uk.,Recursive,198.41.0.4,Root,Referral,154.8833,MISS,154.8833
2025-10-25 22:48:37,10.0.0.1,energybulbs.co.uk.,Recursive,213.248.216.1,TLD,Referral,175.8994,MISS,330.7827
2025-10-25 22:48:37,10.0.0.1,ns0.lcn.com.,Recursive,-,Cache,Referral,None,HIT,0
2025-10-25 22:48:37,10.0.0.1,ns0.lcn.com.,Recursive,192.35.51.30,Authoritative,Referral,179.3424,MISS,179.3424
2025-10-25 22:48:37,10.0.0.1,ns0.lcn.com.,Recursive,195.110.124.234,Authoritative,Response,180.1137,MISS,359.4561
2025-10-25 22:48:37,10.0.0.1,energybulbs.co.uk.,Recursive,195.110.124.234,Authoritative,Response,166.1386,MISS,525.5948
2025-10-25 22:48:37,10.0.0.1,ns1.lcn.com.,Recursive,-,Cache,Referral,None,HIT,0
2025-10-25 22:48:38,10.0.0.1,ns1.lcn.com.,Recursive,91.186.2.8,Authoritative,Response,176.823,MISS,176.823
2025-10-25 22:48:38,10.0.0.1,energybulbs.co.uk.,Recursive,85.233.160.69,Authoritative,Response,173.9443,MISS,350.7673
2025-10-25 22:48:38,10.0.0.1,ns2.lcn.com.,Recursive,-,Cache,Referral,None,HIT,0
2025-10-25 22:48:38,10.0.0.1,ns2.lcn.com.,Recursive,91.186.2.8,Authoritative,Response,174.6506,MISS,174.6506
2025-10-25 22:48:38,10.0.0.1,energybulbs.co.uk.,Recursive,91.186.2.8,Authoritative,Response,171.8366,MISS,346.4872
2025-10-25 22:48:38,10.0.0.1,o-ov.com.,Recursive,-,Cache,Referral,None,HIT,0
2025-10-25 22:48:38,10.0.0.1,o-ov.com.,Recursive,192.35.51.30,Authoritative,Referral,170.1394,MISS,170.1394
2025-10-25 22:48:39,10.0.0.1,o-ov.com.,Recursive,-,Cache,Referral,None,HIT,0
2025-10-25 22:48:39,10.0.0.1,o-ov.com.,Recursive,199.9.14.201,Root,Referral,272.165,MISS,272.165
2025-10-25 22:48:39,10.0.0.1,o-ov.com.,Recursive,192.5.6.30,TLD,Referral,43.4814,MISS,315.6464
2025-10-25 22:48:40,10.0.0.1,o-ov.com.,Recursive,192.33.14.30,TLD,Referral,273.6626,MISS,941.6786
2025-10-25 22:48:40,10.0.0.1,o-ov.com.,Recursive,192.26.92.30,TLD,Referral,180.0975,MISS,1474.1155
2025-10-25 22:48:44,10.0.0.1,o-ov.com.,Recursive,192.12.94.30,TLD,Referral,176.2896,MISS,2014.5439
2025-10-25 22:48:44,10.0.0.1,o-ov.com.,Recursive,192.35.51.30,TLD,Referral,175.6736,MISS,2557.4082
2025-10-25 22:48:48,10.0.0.1,o-ov.com.,Recursive,-,Cache,Referral,None,HIT,0
2025-10-25 22:48:48,10.0.0.1,o-ov.com.,Recursive,192.33.4.12,Root,Referral,104.7088,MISS,104.7088
2025-10-25 22:48:48,10.0.0.1,o-ov.com.,Recursive,192.55.83.30,TLD,Referral,162.5014,MISS,267.2103
2025-10-25 22:48:48,10.0.0.1,o-ov.com.,Recursive,192.41.162.30,TLD,Referral,151.968,MISS,777.1818
2025-10-25 22:48:49,10.0.0.1,o-ov.com.,Recursive,192.52.178.30,TLD,Referral,166.1283,MISS,1298.4689
2025-10-25 22:48:50,10.0.0.1,o-ov.com.,Recursive,192.48.79.30,TLD,Referral,169.4027,MISS,1837.6888
2025-10-25 22:48:50,10.0.0.1,o-ov.com.,Recursive,192.43.172.30,TLD,Referral,178.6762,MISS,2381.2858
2025-10-25 22:48:57,10.0.0.1,o-ov.com.,Recursive,192.35.51.30,TLD,Referral,180.017,MISS,2934.8906
2025-10-25 22:48:57,10.0.0.1,o-ov.com.,Recursive,192.12.94.30,TLD,Referral,182.9447,MISS,3474.0881
2025-10-25 22:49:01,10.0.0.1,o-ov.com.,Recursive,192.26.92.30,TLD,Referral,178.6752,MISS,4016.4004
2025-10-25 22:49:01,10.0.0.1,o-ov.com.,Recursive,192.33.14.30,TLD,Referral,273.7818,MISS,4643.0185
2025-10-25 22:49:02,10.0.0.1,o-ov.com.,Recursive,192.5.6.30,TLD,Referral,47.4566,MISS,5052.0941
2025-10-25 22:49:02,10.0.0.1,o-ov.com.,Recursive,-,N/A,Failure,None,MISS,5410.5205
2025-10-25 22:49:02,10.0.0.1,lozo.com.,Recursive,-,Cache,Referral,None,HIT,0
2025-10-25 22:49:02,10.0.0.1,lozo.com.,Recursive,192.5.6.30,Authoritative,Referral,55.8111,MISS,55.8111
2025-10-25 22:49:02,10.0.0.1,lozo.com.,Recursive,205.251.192.7,Authoritative,Response,47.6328,MISS,103.4439
2025-10-25 22:49:02,10.0.0.1,tottenhamhk.com.,Recursive,-,Cache,Referral,None,HIT,0
2025-10-25 22:49:02,10.0.0.1,tottenhamhk.com.,Recursive,192.5.6.30,Authoritative,Referral,51.8224,MISS,51.8224
2025-10-25 22:49:02,10.0.0.1,tottenhamhk.com.,Recursive,-,N/A,Failure,None,MISS,51.8224
2025-10-25 22:49:02,10.0.0.1,newstetic.com.,Recursive,-,Cache,Referral,None,HIT,0
2025-10-25 22:49:02,10.0.0.1,newstetic.com.,Recursive,192.5.6.30,Authoritative,Referral,63.6058,MISS,63.6058
2025-10-25 22:49:02,10.0.0.1,newstetic.com.,Recursive,108.162.193.110,Authoritative,Response,55.6062,MISS,119.2121
2025-10-25 22:49:03,10.0.0.1,triggerfish.se.,Recursive,198.41.0.4,Root,Referral,155.2131,MISS,155.2131
2025-10-25 22:49:03,10.0.0.1,triggerfish.se.,Recursive,192.71.53.53,TLD,Referral,168.7913,MISS,324.0044
2025-10-25 22:49:03,10.0.0.1,triggerfish.se.,Recursive,84.246.134.190,Authoritative,Response,191.515,MISS,515.5193
2025-10-25 22:49:03,10.0.0.1,reprosystems.ru.,Recursive,-,Cache,Referral,None,HIT,0
2025-10-25 22:49:03,10.0.0.1,reprosystems.ru.,Recursive,193.232.142.17,Authoritative,Referral,196.7262,MISS,196.7262
2025-10-25 22:49:03,10.0.0.1,jen.ns.cloudflare.com.,Recursive,-,Cache,Referral,None,HIT,0
2025-10-25 22:49:03,10.0.0.1,jen.ns.cloudflare.com.,Recursive,162.159.4.8,Authoritative,Response,58.1022,MISS,58.1022
2025-10-25 22:49:03,10.0.0.1,reprosystems.ru.,Recursive,108.162.194.185,Authoritative,Response,57.6483,MISS,115.7506
2025-10-25 22:49:03,10.0.0.1,brodie.ns.cloudflare.com.,Recursive,-,Cache,Referral,None,HIT,0
2025-10-25 22:49:03,10.0.0.1,brodie.ns.cloudflare.com.,Recursive,162.159.4.8,Authoritative,Response,54.2943,MISS,54.2943
2025-10-25 22:49:03,10.0.0.1,reprosystems.ru.,Recursive,162.159.44.237,Authoritative,Response,198.3721,MISS,252.6664
2025-10-25 22:49:03,10.0.0.1,interfloracentral.co.uk.,Recursive,-,Cache,Referral,None,HIT,0
2025-10-25 22:49:04,10.0.0.1,interfloracentral.co.uk.,Recursive,156.154.101.3,Authoritative,Referral,59.8479,MISS,59.8479
2025-10-25 22:49:04,10.0.0.1,dns01.eliteukserve.net.,Recursive,-,Cache,Referral,None,HIT,0
2025-10-25 22:49:04,10.0.0.1,dns01.eliteukserve.net.,Recursive,192.35.51.30,Authoritative,Referral,170.8376,MISS,170.8376
2025-10-25 22:49:04,10.0.0.1,dns01.eliteukserve.net.,Recursive,217.68.241.1,Authoritative,Response,181.7543,MISS,352.5919
2025-10-25 22:49:04,10.0.0.1,interfloracentral.co.uk.,Recursive,217.68.241.1,Authoritative,Response,170.3878,MISS,522.9797
2025-10-25 22:49:04,10.0.0.1,dns02.eliteukserve.net.,Recursive,-,Cache,Referral,None,HIT,0
2025-10-25 22:49:04,10.0.0.1,dns02.eliteukserve.net.,Recursive,217.68.243.1,Authoritative,Response,184.8458,MISS,184.8458
2025-10-25 22:49:04,10.0.0.1,interfloracentral.co.uk.,Recursive,217.68.242.1,Authoritative,Response,186.8609,MISS,371.7067
2025-10-25 22:49:04,10.0.0.1,dns03.eliteukserve.net.,Recursive,-,Cache,Referral,None,HIT,0
2025-10-25 22:49:05,10.0.0.1,dns03.eliteukserve.net.,Recursive,217.68.243.1,Authoritative,Response,166.157,MISS,166.157
2025-10-25 22:49:05,10.0.0.1,interfloracentral.co.uk.,Recursive,217.68.243.1,Authoritative,Response,171.6015,MISS,337.7585
2025-10-25 22:49:05,10.0.0.1,afairjudgement.com.,Recursive,-,Cache,Referral,None,HIT,0
2025-10-25 22:49:05,10.0.0.1,afairjudgement.com.,Recursive,192.5.6.30,Authoritative,Referral,88.8605,MISS,88.8605
2025-10-25 22:49:05,10.0.0.1,afairjudgement.com.,Recursive,108.162.192.116,Authoritative,Response,57.8824,MISS,146.7429
2025-10-25 22:49:05,10.0.0.1,owlcreek.com.,Recursive,-,Cache,Referral,None,HIT,0
2025-10-25 22:49:05,10.0.0.1,owlcreek.com.,Recursive,192.5.6.30,Authoritative,Referral,74.8802,MISS,74.8802
2025-10-25 22:49:05,10.0.0.1,owlcreek.com.,Recursive,162.159.26.131,Authoritative,Response,51.9783,MISS,126.8586
2025-10-25 22:49:05,10.0.0.1,radioterminal.ru.,Recursive,-,Cache,Referral,None,HIT,0
2025-10-25 22:49:05,10.0.0.1,radioterminal.ru.,Recursive,193.232.142.17,Authoritative,Referral,197.1093,MISS,197.1093
2025-10-25 22:49:05,10.0.0.1,radioterminal.ru.,Recursive,85.193.93.93,Authoritative,Response,218.0074,MISS,415.1167
2025-10-25 22:49:05,10.0.0.1,junio.com.,Recursive,-,Cache,Referral,None,HIT,0
2025-10-25 22:49:06,10.0.0.1,junio.com.,Recursive,192.5.6.30,Authoritative,Referral,63.3368,MISS,63.3368
2025-10-25 22:49:06,10.0.0.1,junio.com.,Recursive,209.196.146.153,Authoritative,Response,319.5103,MISS,382.8471
2025-10-25 22:49:06,10.0.0.1,ditrblog.com.,Recursive,-,Cache,Referral,None,HIT,0
2025-10-25 22:49:06,10.0.0.1,ditrblog.com.,Recursive,192.5.6.30,Authoritative,Referral,57.0192,MISS,57.0192
2025-10-25 22:49:06,10.0.0.1,ditrblog.com.,Recursive,-,N/A,Failure,None,MISS,57.0192
2025-10-25 22:49:06,10.0.0.1,alchemedialtd.com.,Recursive,-,Cache,Referral,None,HIT,0
2025-10-25 22:49:06,10.0.0.1,alchemedialtd.com.,Recursive,192.5.6.30,Authoritative,Referral,55.0904,MISS,55.0904
2025-10-25 22:49:06,10.0.0.1,alchemedialtd.com.,Recursive,13.248.158.180,Authoritative,Response,26.8162,MISS,81.9066
2025-10-25 22:49:06,10.0.0.1,portclydegeneralstore.com.,Recursive,-,Cache,Referral,None,HIT,0
2025-10-25 22:49:06,10.0.0.1,portclydegeneralstore.com.,Recursive,192.5.6.30,Authoritative,Referral,48.2981,MISS,48.2981
2025-10-25 22:49:06,10.0.0.1,portclydegeneralstore.com.,Recursive,97.74.108.49,Authoritative,Response,184.289,MISS,232.5872
2025-10-25 22:49:06,10.0.0.1,alenpuaca.com.,Recursive,-,Cache,Referral,None,HIT,0
2025-10-25 22:49:06,10.0.0.1,alenpuaca.com.,Recursive,192.5.6.30,Authoritative,Referral,58.2411,MISS,58.2411
2025-10-25 22:49:07,10.0.0.1,alenpuaca.com.,Recursive,162.159.26.14,Authoritative,Response,318.9487,MISS,377.1898
2025-10-25 22:49:07,10.0.0.1,dj-producer-j-mbargo.com.,Recursive,-,Cache,Referral,None,HIT,0
2025-10-25 22:49:07,10.0.0.1,dj-producer-j-mbargo.com.,Recursive,192.5.6.30,Authoritative,Referral,48.5434,MISS,48.5434
2025-10-25 22:49:07,10.0.0.1,dj-producer-j-mbargo.com.,Recursive,-,N/A,Failure,None,MISS,48.5434
2025-10-25 22:49:07,10.0.0.1,iag-inc.com.,Recursive,-,Cache,Referral,None,HIT,0
2025-10-25 22:49:07,10.0.0.1,iag-inc.com.,Recursive,192.5.6.30,Authoritative,Referral,44.9777,MISS,44.9777
2025-10-25 22:49:07,10.0.0.1,domain-may-be-for-sale-at.edoms.biz.,Recursive,198.41.0.4,Root,Referral,154.121,MISS,199.0987
2025-10-25 22:49:07,10.0.0.1,domain-may-be-for-sale-at.edoms.biz.,Recursive,156.154.125.65,TLD,Referral,54.8213,MISS,253.9199
2025-10-25 22:49:16,10.0.0.1,domain-may-be-for-sale-at.edoms.biz.,Recursive,103.224.182.9,Authoritative,Response,279.0726,MISS,532.9926
2025-10-25 22:49:16,10.0.0.1,iag-inc.com.,Recursive,103.224.212.9,Authoritative,Response,280.7026,MISS,813.6952
2025-10-25 22:49:16,10.0.0.1,contact-us-at.edoms.biz.,Recursive,-,Cache,Referral,None,HIT,0
2025-10-25 22:49:19,10.0.0.1,contact-us-at.edoms.biz.,Recursive,-,Cache,Referral,None,HIT,0
2025-10-25 22:49:20,10.0.0.1,contact-us-at.edoms.biz.,Recursive,199.9.14.201,Root,Referral,267.5806,MISS,267.5806
2025-10-25 22:49:20,10.0.0.1,contact-us-at.edoms.biz.,Recursive,156.154.124.65,TLD,Referral,55.5546,MISS,323.1352
2025-10-25 22:49:29,10.0.0.1,contact-us-at.edoms.biz.,Recursive,103.224.182.9,Authoritative,Response,281.2947,MISS,604.4299
2025-10-25 22:49:29,10.0.0.1,iag-inc.com.,Recursive,103.224.182.10,Authoritative,Response,282.2594,MISS,886.6893
2025-10-25 22:49:29,10.0.0.1,advertos.ru.,Recursive,-,Cache,Referral,None,HIT,0
2025-10-25 22:49:30,10.0.0.1,advertos.ru.,Recursive,193.232.142.17,Authoritative,Referral,193.783,MISS,193.783
2025-10-25 22:49:30,10.0.0.1,dns.fastdns24.com.,Recursive,-,Cache,Referral,None,HIT,0
2025-10-25 22:49:30,10.0.0.1,dns.fastdns24.com.,Recursive,192.5.6.30,Authoritative,Referral,52.2631,MISS,52.2631
2025-10-25 22:49:30,10.0.0.1,dns.fastdns24.com.,Recursive,97.74.108.9,Authoritative,Response,179.9664,MISS,232.2295
2025-10-25 22:49:30,10.0.0.1,advertos.ru.,Recursive,176.31.3.154,Authoritative,Response,183.0277,MISS,415.2572
2025-10-25 22:49:30,10.0.0.1,dns2.fastdns24.org.,Recursive,-,Cache,Referral,None,HIT,0
2025-10-25 22:49:30,10.0.0.1,dns2.fastdns24.org.,Recursive,199.19.53.1,Authoritative,Referral,57.3236,MISS,57.3236
2025-10-25 22:49:30,10.0.0.1,dns2.registrar-servers.com.,Recursive,-,Cache,Referral,None,HIT,0
2025-10-25 22:49:30,10.0.0.1,dns2.registrar-servers.com.,Recursive,192.5.6.30,Authoritative,Referral,50.473,MISS,50.473
2025-10-25 22:49:30,10.0.0.1,dns2.registrar-servers.com.,Recursive,204.74.66.4,Authoritative,Response,55.2605,MISS,105.7336
2025-10-25 22:49:30,10.0.0.1,dns2.fastdns24.org.,Recursive,156.154.133.200,Authoritative,Response,62.549,MISS,168.2826
2025-10-25 22:49:30,10.0.0.1,dns1.registrar-servers.com.,Recursive,-,Cache,Referral,None,HIT,0
2025-10-25 22:49:30,10.0.0.1,dns1.registrar-servers.com.,Recursive,2.16.130.65,Authoritative,Response,92.9528,MISS,92.9528
2025-10-25 22:49:30,10.0.0.1,dns2.fastdns24.org.,Recursive,156.154.132.200,Authoritative,Response,53.6021,MISS,146.5548
2025-10-25 22:49:31,10.0.0.1,advertos.ru.,Recursive,5.188.30.150,Authoritative,Response,203.862,MISS,350.4169
2025-10-25 22:49:31,10.0.0.1,dns3.fastdns24.eu.,Recursive,198.41.0.4,Root,Referral,174.0816,MISS,524.4985
2025-10-25 22:49:31,10.0.0.1,dns3.fastdns24.eu.,Recursive,149.38.1.26,TLD,Referral,226.3795,MISS,750.878
2025-10-25 22:49:31,10.0.0.1,dns3.fastdns24.eu.,Recursive,217.146.66.65,Authoritative,Response,215.1118,MISS,965.9899
2025-10-25 22:49:31,10.0.0.1,advertos.ru.,Recursive,136.243.223.232,Authoritative,Response,158.7284,MISS,1124.7183
2025-10-25 22:49:31,10.0.0.1,dns4.fastdns24.link.,Recursive,198.41.0.4,Root,Referral,147.9497,MISS,1272.668
2025-10-25 22:49:32,10.0.0.1,dns4.fastdns24.link.,Recursive,185.159.197.3,TLD,Referral,89.5302,MISS,1362.1983
2025-10-25 22:49:32,10.0.0.1,pdns1.registrar-servers.com.,Recursive,-,Cache,Referral,None,HIT,0
2025-10-25 22:49:32,10.0.0.1,pdns1.registrar-servers.com.,Recursive,2.16.130.65,Authoritative,Response,114.766,MISS,114.766
2025-10-25 22:49:32,10.0.0.1,dns4.fastdns24.link.,Recursive,156.154.132.100,Authoritative,Response,58.7563,MISS,173.5223
2025-10-25 22:49:32,10.0.0.1,pdns2.registrar-servers.com.,Recursive,-,Cache,Referral,None,HIT,0
2025-10-25 22:49:32,10.0.0.1,pdns2.registrar-servers.com.,Recursive,2.16.130.65,Authoritative,Response,100.0126,MISS,100.0126
2025-10-25 22:49:32,10.0.0.1,dns4.fastdns24.link.,Recursive,156.154.133.100,Authoritative,Response,56.2232,MISS,156.2358
2025-10-25 22:49:32,10.0.0.1,advertos.ru.,Recursive,95.216.25.5,Authoritative,Response,204.0422,MISS,360.2779
2025-10-25 22:49:32,10.0.0.1,kh.ua.,Recursive,198.41.0.4,Root,Referral,162.9981,MISS,162.9981
2025-10-25 22:49:32,10.0.0.1,kh.ua.,Recursive,185.136.97.185,TLD,Referral,140.2466,MISS,303.2447
2025-10-25 22:49:33,10.0.0.1,kh.ua.,Recursive,194.58.197.4,Authoritative,Response,155.79,MISS,459.0348
2025-10-25 22:49:33,10.0.0.1,kennethehartman.com.,Recursive,-,Cache,Referral,None,HIT,0
2025-10-25 22:49:33,10.0.0.1,kennethehartman.com.,Recursive,192.5.6.30,Authoritative,Referral,47.3853,MISS,47.3853
2025-10-25 22:49:33,10.0.0.1,kennethehartman.com.,Recursive,198.181.116.9,Authoritative,Response,45.7735,MISS,93.1587
2025-10-25 22:49:33,10.0.0.1,hemcolubricants.com.,Recursive,-,Cache,Referral,None,HIT,0
2025-10-25 22:49:33,10.0.0.1,hemcolubricants.com.,Recursive,192.5.6.30,Authoritative,Referral,46.3805,MISS,46.3805
2025-10-25 22:49:33,10.0.0.1,ns1.loopia.se.,Recursive,-,Cache,Referral,None,HIT,0
2025-10-25 22:49:33,10.0.0.1,ns1.loopia.se.,Recursive,194.0.11.112,Authoritative,Referral,182.3511,MISS,182.3511
2025-10-25 22:49:33,10.0.0.1,ns1.loopia.se.,Recursive,93.188.0.20,Authoritative,Response,166.4665,MISS,348.8176
2025-10-25 22:49:33,10.0.0.1,hemcolubricants.com.,Recursive,93.188.0.20,Authoritative,Response,176.896,MISS,525.7136
2025-10-25 22:49:33,10.0.0.1,ns2.loopia.se.,Recursive,-,Cache,Referral,None,HIT,0
2025-10-25 22:49:33,10.0.0.1,ns2.loopia.se.,Recursive,185.71.156.20,Authoritative,Response,190.5598,MISS,190.5598
2025-10-25 22:49:34,10.0.0.1,hemcolubricants.com.,Recursive,185.71.156.20,Authoritative,Response,200.5327,MISS,391.0925
2025-10-25 22:49:34,10.0.0.1,forpsi.net.,Recursive,-,Cache,Referral,None,HIT,0
2025-10-25 22:49:34,10.0.0.1,forpsi.net.,Recursive,192.35.51.30,Authoritative,Referral,175.2939,MISS,175.2939
2025-10-25 22:49:34,10.0.0.1,forpsi.net.,Recursive,81.2.194.130,Authoritative,Response,174.9363,MISS,350.2301
2025-10-25 22:49:34,10.0.0.1,memeblender.com.,Recursive,-,Cache,Referral,None,HIT,0
2025-10-25 22:49:34,10.0.0.1,memeblender.com.,Recursive,192.5.6.30,Authoritative,Referral,135.9458,MISS,135.9458
2025-10-25 22:49:34,10.0.0.1,memeblender.com.,Recursive,108.162.192.225,Authoritative,Response,60.6056,MISS,196.5514
2025-10-25 22:49:34,10.0.0.1,somode.com.,Recursive,-,Cache,Referral,None,HIT,0
2025-10-25 22:49:34,10.0.0.1,somode.com.,Recursive,192.5.6.30,Authoritative,Referral,148.1961,MISS,148.1961
2025-10-25 22:49:34,10.0.0.1,somode.com.,Recursive,-,N/A,Failure,None,MISS,148.1961
2025-10-25 22:49:34,10.0.0.1,gamemob.com.,Recursive,-,Cache,Referral,None,HIT,0
2025-10-25 22:49:34,10.0.0.1,gamemob.com.,Recursive,192.5.6.30,Authoritative,Referral,147.453,MISS,147.453
2025-10-25 22:49:35,10.0.0.1,gamemob.com.,Recursive,97.74.100.1,Authoritative,Response,188.8133,MISS,336.2663
2025-10-25 22:49:35,10.0.0.1,monsterhomesecuritystore.com.,Recursive,-,Cache,Referral,None,HIT,0
2025-10-25 22:49:35,10.0.0.1,monsterhomesecuritystore.com.,Recursive,192.5.6.30,Authoritative,Referral,150.0181,MISS,150.0181
2025-10-25 22:49:35,10.0.0.1,monsterhomesecuritystore.com.,Recursive,-,N/A,Failure,None,MISS,150.0181
2025-10-25 22:49:35,10.0.0.1,door2games.com.,Recursive,-,Cache,Referral,None,HIT,0
2025-10-25 22:49:38,10.0.0.1,door2games.com.,Recursive,-,Cache,Referral,None,HIT,0
2025-10-25 22:49:38,10.0.0.1,door2games.com.,Recursive,199.9.14.201,Root,Referral,270.3046,MISS,270.3046
2025-10-25 22:49:38,10.0.0.1,door2games.com.,Recursive,192.5.6.30,TLD,Referral,62.3989,MISS,332.7035
2025-10-25 22:49:38,10.0.0.1,door2games.com.,Recursive,97.74.102.23,Authoritative,Response,186.7504,MISS,519.4539
2025-10-25 22:49:38,10.0.0.1,ondemandappliancerepair.com.,Recursive,-,Cache,Referral,None,HIT,0
2025-10-25 22:49:41,10.0.0.1,ondemandappliancerepair.com.,Recursive,-,Cache,Referral,None,HIT,0
2025-10-25 22:49:42,10.0.0.1,ondemandappliancerepair.com.,Recursive,199.9.14.201,Root,Referral,277.59,MISS,277.59
2025-10-25 22:49:42,10.0.0.1,ondemandappliancerepair.com.,Recursive,192.5.6.30,TLD,Referral,45.0396,MISS,322.6296
2025-10-25 22:49:42,10.0.0.1,ondemandappliancerepair.com.,Recursive,217.160.82.63,Authoritative,Response,160.1662,MISS,482.7958
2025-10-25 22:49:42,10.0.0.1,gensee.com.,Recursive,-,Cache,Referral,None,HIT,0
2025-10-25 22:49:42,10.0.0.1,gensee.com.,Recursive,192.35.51.30,Authoritative,Referral,177.387,MISS,177.387
2025-10-25 22:49:42,10.0.0.1,gensee.com.,Recursive,1.12.0.17,Authoritative,Response,94.7088,MISS,272.0958
2025-10-25 22:49:42,10.0.0.1,caricsports.com.,Recursive,-,Cache,Referral,None,HIT,0
2025-10-25 22:49:42,10.0.0.1,caricsports.com.,Recursive,192.35.51.30,Authoritative,Referral,178.8482,MISS,178.8482
2025-10-25 22:49:42,10.0.0.1,caricsports.com.,Recursive,108.162.192.247,Authoritative,Response,54.0053,MISS,232.8534
2025-10-25 22:49:42,10.0.0.1,auqzzx.com.,Recursive,-,Cache,Referral,None,HIT,0
2025-10-25 22:49:43,10.0.0.1,auqzzx.com.,Recursive,192.35.51.30,Authoritative,Referral,177.4793,MISS,177.4793
2025-10-25 22:49:43,10.0.0.1,auqzzx.com.,Recursive,-,N/A,Failure,None,MISS,177.4793
2025-10-25 22:49:43,10.0.0.1,toaskfuture.com.,Recursive,-,Cache,Referral,None,HIT,0
2025-10-25 22:49:43,10.0.0.1,toaskfuture.com.,Recursive,192.35.51.30,Authoritative,Referral,180.7126,MISS,180.7126
2025-10-25 22:49:43,10.0.0.1,toaskfuture.com.,Recursive,156.154.132.200,Authoritative,Response,61.3576,MISS,242.0702
2025-10-25 22:49:43,10.0.0.1,cetsi.fr.,Recursive,-,Cache,Referral,None,HIT,0
2025-10-25 22:49:43,10.0.0.1,cetsi.fr.,Recursive,194.0.36.1,Authoritative,Referral,44.8703,MISS,44.8703
2025-10-25 22:49:43,10.0.0.1,cetsi.fr.,Recursive,91.151.64.234,Authoritative,Response,189.7697,MISS,234.6401
2025-10-25 22:49:43,10.0.0.1,probigbets.com.,Recursive,-,Cache,Referral,None,HIT,0
2025-10-25 22:49:43,10.0.0.1,probigbets.com.,Recursive,192.35.51.30,Authoritative,Referral,169.7143,MISS,169.7143
2025-10-25 22:49:43,10.0.0.1,probigbets.com.,Recursive,-,N/A,Failure,None,MISS,169.7143
2025-10-25 22:49:43,10.0.0.1,bikesandtransit.com.,Recursive,-,Cache,Referral,None,HIT,0
2025-10-25 22:49:43,10.0.0.1,bikesandtransit.com.,Recursive,192.35.51.30,Authoritative,Referral,170.8998,MISS,170.8998
2025-10-25 22:49:43,10.0.0.1,bikesandtransit.com.,Recursive,198.181.116.9,Authoritative,Response,53.6397,MISS,224.5394
2025-10-25 22:49:43,10.0.0.1,aqvr.com.,Recursive,-,Cache,Referral,None,HIT,0
2025-10-25 22:49:44,10.0.0.1,aqvr.com.,Recursive,192.35.51.30,Authoritative,Referral,172.5328,MISS,172.5328
2025-10-25 22:49:44,10.0.0.1,aqvr.com.,Recursive,89.117.23.47,Authoritative,Response,362.2363,MISS,534.7691
2025-10-25 22:49:44,10.0.0.1,niceinternetmoney.ru.,Recursive,-,Cache,Referral,None,HIT,0
2025-10-25 22:49:44,10.0.0.1,niceinternetmoney.ru.,Recursive,193.232.142.17,Authoritative,Referral,197.6954,MISS,197.6954
2025-10-25 22:49:44,10.0.0.1,niceinternetmoney.ru.,Recursive,-,N/A,Failure,None,MISS,197.6954
2025-10-25 22:49:44,10.0.0.1,chonvn.com.,Recursive,-,Cache,Referral,None,HIT,0
2025-10-25 22:49:44,10.0.0.1,chonvn.com.,Recursive,192.35.51.30,Authoritative,Referral,179.0982,MISS,179.0982
2025-10-25 22:49:44,10.0.0.1,chonvn.com.,Recursive,-,N/A,Failure,None,MISS,179.0982
2025-10-25 22:49:44,10.0.0.1,eugenbotnar.com.,Recursive,-,Cache,Referral,None,HIT,0
2025-10-25 22:49:44,10.0.0.1,eugenbotnar.com.,Recursive,192.35.51.30,Authoritative,Referral,171.1386,MISS,171.1386
2025-10-25 22:49:44,10.0.0.1,eugenbotnar.com.,Recursive,-,N/A,Failure,None,MISS,171.1386
2025-10-25 22:49:44,10.0.0.1,phi-pe.com.,Recursive,-,Cache,Referral,None,HIT,0
2025-10-25 22:49:45,10.0.0.1,phi-pe.com.,Recursive,192.35.51.30,Authoritative,Referral,174.4656,MISS,174.4656
2025-10-25 22:49:45,10.0.0.1,phi-pe.com.,Recursive,-,N/A,Failure,None,MISS,174.4656
2025-10-25 22:49:45,10.0.0.1,chuamatsua.com.,Recursive,-,Cache,Referral,None,HIT,0
2025-10-25 22:49:45,10.0.0.1,chuamatsua.com.,Recursive,192.35.51.30,Authoritative,Referral,178.5158,MISS,178.5158
2025-10-25 22:49:48,10.0.0.1,chuamatsua.com.,Recursive,-,Cache,Referral,None,HIT,0
2025-10-25 22:49:49,10.0.0.1,chuamatsua.com.,Recursive,199.9.14.201,Root,Referral,274.4069,MISS,274.4069
2025-10-25 22:49:49,10.0.0.1,chuamatsua.com.,Recursive,192.5.6.30,TLD,Referral,49.3234,MISS,323.7303
2025-10-25 22:49:50,10.0.0.1,chuamatsua.com.,Recursive,192.33.14.30,TLD,Referral,276.1297,MISS,1248.919
2025-10-25 22:49:50,10.0.0.1,chuamatsua.com.,Recursive,192.26.92.30,TLD,Referral,174.0087,MISS,2044.8724
2025-10-25 22:49:54,10.0.0.1,chuamatsua.com.,Recursive,192.12.94.30,TLD,Referral,185.9016,MISS,2843.5269
2025-10-25 22:49:55,10.0.0.1,chuamatsua.com.,Recursive,192.35.51.30,TLD,Referral,191.0256,MISS,3685.8232
2025-10-25 22:49:59,10.0.0.1,chuamatsua.com.,Recursive,-,Cache,Referral,None,HIT,0
2025-10-25 22:49:59,10.0.0.1,chuamatsua.com.,Recursive,192.33.4.12,Root,Referral,122.5997,MISS,122.5997
2025-10-25 22:49:59,10.0.0.1,chuamatsua.com.,Recursive,192.55.83.30,TLD,Referral,164.7807,MISS,287.3803
2025-10-25 22:50:00,10.0.0.1,chuamatsua.com.,Recursive,192.41.162.30,TLD,Referral,155.5639,MISS,1074.8191
2025-10-25 22:50:01,10.0.0.1,chuamatsua.com.,Recursive,192.52.178.30,TLD,Referral,155.7579,MISS,1868.364
2025-10-25 22:50:01,10.0.0.1,chuamatsua.com.,Recursive,192.48.79.30,TLD,Referral,155.3742,MISS,2642.1215
2025-10-25 22:50:02,10.0.0.1,chuamatsua.com.,Recursive,192.43.172.30,TLD,Referral,173.2679,MISS,3427.9843
2025-10-25 22:50:09,10.0.0.1,chuamatsua.com.,Recursive,192.35.51.30,TLD,Referral,181.1001,MISS,4271.8535
2025-10-25 22:50:10,10.0.0.1,chuamatsua.com.,Recursive,192.12.94.30,TLD,Referral,184.3823,MISS,5084.2568
2025-10-25 22:50:14,10.0.0.1,chuamatsua.com.,Recursive,192.26.92.30,TLD,Referral,176.1794,MISS,5911.4841
2025-10-25 22:50:15,10.0.0.1,chuamatsua.com.,Recursive,192.33.14.30,TLD,Referral,271.0083,MISS,6827.6987
2025-10-25 22:50:15,10.0.0.1,chuamatsua.com.,Recursive,192.5.6.30,TLD,Referral,48.3179,MISS,7501.7331
2025-10-25 22:50:16,10.0.0.1,chuamatsua.com.,Recursive,-,N/A,Failure,None,MISS,8135.2642
2025-10-25 22:50:16,10.0.0.1,pictures-thailand.com.,Recursive,-,Cache,Referral,None,HIT,0
2025-10-25 22:50:16,10.0.0.1,pictures-thailand.com.,Recursive,192.5.6.30,Authoritative,Referral,42.6663,MISS,42.6663
2025-10-25 22:50:16,10.0.0.1,pictures-thailand.com.,Recursive,66.96.142.111,Authoritative,Response,249.7758,MISS,292.4422
2025-10-25 22:50:16,10.0.0.1,2brightsparks.co.uk.,Recursive,-,Cache,Referral,None,HIT,0
2025-10-25 22:50:16,10.0.0.1,2brightsparks.co.uk.,Recursive,156.154.101.3,Authoritative,Referral,60.163,MISS,60.163
2025-10-25 22:50:16,10.0.0.1,ns-1054.awsdns-03.org.,Recursive,-,Cache,Referral,None,HIT,0
2025-10-25 22:50:16,10.0.0.1,ns-1054.awsdns-03.org.,Recursive,199.19.53.1,Authoritative,Referral,57.8965,MISS,57.8965
2025-10-25 22:50:16,10.0.0.1,ns-1054.awsdns-03.org.,Recursive,205.251.192.131,Authoritative,Response,42.6343,MISS,100.5308
2025-10-25 22:50:17,10.0.0.1,2brightsparks.co.uk.,Recursive,205.251.196.30,Authoritative,Response,88.3985,MISS,188.9293
2025-10-25 22:50:17,10.0.0.1,ns-1782.awsdns-30.co.uk.,Recursive,-,Cache,Referral,None,HIT,0
2025-10-25 22:50:17,10.0.0.1,ns-1782.awsdns-30.co.uk.,Recursive,156.154.101.3,Authoritative,Referral,57.1723,MISS,57.1723
2025-10-25 22:50:17,10.0.0.1,ns-1782.awsdns-30.co.uk.,Recursive,205.251.199.34,Authoritative,Response,53.3001,MISS,110.4724
2025-10-25 22:50:17,10.0.0.1,2brightsparks.co.uk.,Recursive,205.251.198.246,Authoritative,Response,74.5048,MISS,184.9772
2025-10-25 22:50:17,10.0.0.1,ns-343.awsdns-42.com.,Recursive,-,Cache,Referral,None,HIT,0
2025-10-25 22:50:17,10.0.0.1,ns-343.awsdns-42.com.,Recursive,192.5.6.30,Authoritative,Referral,42.401,MISS,42.401
2025-10-25 22:50:17,10.0.0.1,ns-343.awsdns-42.com.,Recursive,205.251.192.43,Authoritative,Response,42.9503,MISS,85.3512
2025-10-25 22:50:17,10.0.0.1,2brightsparks.co.uk.,Recursive,205.251.193.87,Authoritative,Response,45.569,MISS,130.9202
2025-10-25 22:50:17,10.0.0.1,ns-940.awsdns-53.net.,Recursive,-,Cache,Referral,None,HIT,0
2025-10-25 22:50:17,10.0.0.1,ns-940.awsdns-53.net.,Recursive,192.35.51.30,Authoritative,Referral,176.7981,MISS,176.7981
2025-10-25 22:50:17,10.0.0.1,ns-940.awsdns-53.net.,Recursive,205.251.193.246,Authoritative,Response,43.7833,MISS,220.5814
2025-10-25 22:50:17,10.0.0.1,2brightsparks.co.uk.,Recursive,205.251.195.172,Authoritative,Response,28.6071,MISS,249.1885
2025-10-25 22:50:17,10.0.0.1,astrumonline.ru.,Recursive,-,Cache,Referral,None,HIT,0
2025-10-25 22:50:17,10.0.0.1,astrumonline.ru.,Recursive,193.232.142.17,Authoritative,Referral,195.8875,MISS,195.8875
2025-10-25 22:50:17,10.0.0.1,opr-ns1.astrumnival.com.,Recursive,-,Cache,Referral,None,HIT,0
2025-10-25 22:50:17,10.0.0.1,opr-ns1.astrumnival.com.,Recursive,192.5.6.30,Authoritative,Referral,41.2369,MISS,41.2369
2025-10-25 22:50:18,10.0.0.1,opr-ns1.astrumnival.com.,Recursive,195.211.130.10,Authoritative,Response,202.1505,MISS,243.3874
2025-10-25 22:50:18,10.0.0.1,astrumonline.ru.,Recursive,195.211.130.10,Authoritative,Response,212.9846,MISS,456.372
2025-10-25 22:50:18,10.0.0.1,opr-ns2.astrumnival.com.,Recursive,-,Cache,Referral,None,HIT,0
2025-10-25 22:50:21,10.0.0.1,opr-ns2.astrumnival.com.,Recursive,-,Cache,Referral,None,HIT,0
2025-10-25 22:50:21,10.0.0.1,opr-ns2.astrumnival.com.,Recursive,199.9.14.201,Root,Referral,269.752,MISS,269.752
2025-10-25 22:50:21,10.0.0.1,opr-ns2.astrumnival.com.,Recursive,192.5.6.30,TLD,Referral,44.798,MISS,314.55
2025-10-25 22:50:21,10.0.0.1,opr-ns2.astrumnival.com.,Recursive,195.211.130.10,Authoritative,Response,203.5282,MISS,518.0781
2025-10-25 22:50:21,10.0.0.1,astrumonline.ru.,Recursive,195.211.129.1,Authoritative,Response,202.0564,MISS,720.1345
2025-10-25 22:50:21,10.0.0.1,opr-ns3.astrumnival.com.,Recursive,-,Cache,Referral,None,HIT,0
2025-10-25 22:50:24,10.0.0.1,opr-ns3.astrumnival.com.,Recursive,-,Cache,Referral,None,HIT,0
2025-10-25 22:50:25,10.0.0.1,opr-ns3.astrumnival.com.,Recursive,199.9.14.201,Root,Referral,270.4456,MISS,270.4456
2025-10-25 22:50:25,10.0.0.1,opr-ns3.astrumnival.com.,Recursive,192.5.6.30,TLD,Referral,115.3895,MISS,385.8351
2025-10-25 22:50:25,10.0.0.1,opr-ns3.astrumnival.com.,Recursive,195.211.130.10,Authoritative,Response,205.6476,MISS,591.4827
2025-10-25 22:50:25,10.0.0.1,astrumonline.ru.,Recursive,195.211.129.10,Authoritative,Response,204.8994,MISS,796.3821
2025-10-25 22:50:25,10.0.0.1,blueridgelife.com.,Recursive,-,Cache,Referral,None,HIT,0
2025-10-25 22:50:25,10.0.0.1,blueridgelife.com.,Recursive,192.35.51.30,Authoritative,Referral,172.8907,MISS,172.8907
2025-10-25 22:50:26,10.0.0.1,blueridgelife.com.,Recursive,97.74.107.8,Authoritative,Response,178.3195,MISS,351.2102
2025-10-25 22:50:26,10.0.0.1,mwzip.com.,Recursive,-,Cache,Referral,None,HIT,0
2025-10-25 22:50:26,10.0.0.1,mwzip.com.,Recursive,192.35.51.30,Authoritative,Referral,170.4575,MISS,170.4575
2025-10-25 22:50:26,10.0.0.1,mwzip.com.,Recursive,108.162.193.160,Authoritative,Response,53.4471,MISS,223.9047
2025-10-25 22:50:26,10.0.0.1,gusbi.com.,Recursive,-,Cache,Referral,None,HIT,0
2025-10-25 22:50:26,10.0.0.1,gusbi.com.,Recursive,192.35.51.30,Authoritative,Referral,178.8378,MISS,178.8378
2025-10-25 22:50:26,10.0.0.1,gusbi.com.,Recursive,141.95.229.94,Authoritative,Response,178.5428,MISS,357.3806
2025-10-25 22:50:26,10.0.0.1,simternet.com.,Recursive,-,Cache,Referral,None,HIT,0
2025-10-25 22:50:26,10.0.0.1,simternet.com.,Recursive,192.35.51.30,Authoritative,Referral,171.411,MISS,171.411
2025-10-25 22:50:27,10.0.0.1,simternet.com.,Recursive,97.74.100.21,Authoritative,Response,182.3792,MISS,353.7902
2025-10-25 22:50:27,10.0.0.1,khsm.ru.,Recursive,-,Cache,Referral,None,HIT,0
2025-10-25 22:50:27,10.0.0.1,khsm.ru.,Recursive,193.232.142.17,Authoritative,Referral,204.1507,MISS,204.1507
2025-10-25 22:50:27,10.0.0.1,ns1.frienddns.info.,Recursive,198.41.0.4,Root,Referral,153.3794,MISS,357.5301
2025-10-25 22:50:27,10.0.0.1,ns1.frienddns.info.,Recursive,199.254.48.1,TLD,Referral,43.308,MISS,400.8381
2025-10-25 22:50:27,10.0.0.1,ns1.frienddns.info.,Recursive,146.19.188.222,Authoritative,Response,167.7654,MISS,568.6035
2025-10-25 22:50:27,10.0.0.1,khsm.ru.,Recursive,146.19.188.222,Authoritative,Response,157.8362,MISS,726.4397
2025-10-25 22:50:27,10.0.0.1,ns2.frienddns.info.,Recursive,-,Cache,Referral,None,HIT,0
2025-10-25 22:50:27,10.0.0.1,ns2.frienddns.info.,Recursive,54.36.103.242,Authoritative,Response,182.2887,MISS,182.2887
2025-10-25 22:50:28,10.0.0.1,khsm.ru.,Recursive,5.61.43.162,Authoritative,Response,204.6521,MISS,386.9408
2025-10-25 22:50:28,10.0.0.1,ns3.frienddns.net.,Recursive,-,Cache,Referral,None,HIT,0
2025-10-25 22:50:28,10.0.0.1,ns3.frienddns.net.,Recursive,192.35.51.30,Authoritative,Referral,174.4766,MISS,174.4766
2025-10-25 22:50:31,10.0.0.1,ns3.frienddns.net.,Recursive,92.118.149.99,Authoritative,Response,168.5889,MISS,343.0655
2025-10-25 22:50:31,10.0.0.1,khsm.ru.,Recursive,92.118.149.99,Authoritative,Response,173.8938,MISS,516.9593
2025-10-25 22:50:31,10.0.0.1,ns4.frienddns.net.,Recursive,-,Cache,Referral,None,HIT,0
2025-10-25 22:50:31,10.0.0.1,ns4.frienddns.net.,Recursive,92.118.148.95,Authoritative,Response,178.7668,MISS,178.7668
2025-10-25 22:50:32,10.0.0.1,khsm.ru.,Recursive,185.253.44.20,Authoritative,Response,177.7149,MISS,356.4816
2025-10-25 22:50:32,10.0.0.1,livelinks.com.,Recursive,-,Cache,Referral,None,HIT,0
2025-10-25 22:50:32,10.0.0.1,livelinks.com.,Recursive,192.35.51.30,Authoritative,Referral,175.9964,MISS,175.9964
2025-10-25 22:50:32,10.0.0.1,livelinks.com.,Recursive,205.251.193.112,Authoritative,Response,47.4086,MISS,223.405
2025-10-25 22:50:32,10.0.0.1,jantv.in.,Recursive,198.41.0.4,Root,Referral,149.6026,MISS,149.6026
2025-10-25 22:50:32,10.0.0.1,jantv.in.,Recursive,64.78.205.1,TLD,Referral,44.0936,MISS,193.6962
2025-10-25 22:50:32,10.0.0.1,cora.ns.cloudflare.com.,Recursive,-,Cache,Referral,None,HIT,0
2025-10-25 22:50:32,10.0.0.1,cora.ns.cloudflare.com.,Recursive,162.159.4.8,Authoritative,Response,52.5665,MISS,52.5665
2025-10-25 22:50:32,10.0.0.1,jantv.in.,Recursive,162.159.38.195,Authoritative,Response,195.9801,MISS,248.5467
2025-10-25 22:50:32,10.0.0.1,odin.ns.cloudflare.com.,Recursive,-,Cache,Referral,None,HIT,0
2025-10-25 22:50:32,10.0.0.1,odin.ns.cloudflare.com.,Recursive,162.159.4.8,Authoritative,Response,60.7845,MISS,60.7845
2025-10-25 22:50:32,10.0.0.1,jantv.in.,Recursive,172.64.35.208,Authoritative,Response,57.6248,MISS,118.4093
2025-10-25 22:50:32,10.0.0.1,hornil.com.,Recursive,-,Cache,Referral,None,HIT,0
2025-10-25 22:50:33,10.0.0.1,hornil.com.,Recursive,192.35.51.30,Authoritative,Referral,180.4559,MISS,180.4559
2025-10-25 22:50:33,10.0.0.1,hornil.com.,Recursive,1.226.85.4,Authoritative,Response,178.3741,MISS,358.83
2025-10-25 22:50:33,10.0.0.1,7dfps.com.,Recursive,-,Cache,Referral,None,HIT,0
2025-10-25 22:50:33,10.0.0.1,7dfps.com.,Recursive,192.35.51.30,Authoritative,Referral,178.4265,MISS,178.4265
2025-10-25 22:50:33,10.0.0.1,7dfps.com.,Recursive,108.162.194.152,Authoritative,Response,56.2121,MISS,234.6386
2025-10-25 22:50:33,10.0.0.1,luckypuppygames.com.,Recursive,-,Cache,Referral,None,HIT,0
2025-10-25 22:50:33,10.0.0.1,luckypuppygames.com.,Recursive,192.35.51.30,Authoritative,Referral,174.8786,MISS,174.8786
2025-10-25 22:50:33,10.0.0.1,luckypuppygames.com.,Recursive,185.67.45.231,Authoritative,Response,183.9605,MISS,358.8391
2025-10-25 22:50:33,10.0.0.1,b-matrix.com.,Recursive,-,Cache,Referral,None,HIT,0
2025-10-25 22:50:33,10.0.0.1,b-matrix.com.,Recursive,192.35.51.30,Authoritative,Referral,177.7728,MISS,177.7728
2025-10-25 22:50:34,10.0.0.1,b-matrix.com.,Recursive,97.74.107.28,Authoritative,Response,182.9525,MISS,360.7253
2025-10-25 22:50:34,10.0.0.1,coutureauchocolat.com.,Recursive,-,Cache,Referral,None,HIT,0
2025-10-25 22:50:34,10.0.0.1,coutureauchocolat.com.,Recursive,192.35.51.30,Authoritative,Referral,172.3365,MISS,172.3365
2025-10-25 22:50:34,10.0.0.1,coutureauchocolat.com.,Recursive,-,N/A,Failure,None,MISS,172.3365
2025-10-25 22:50:34,10.0.0.1,afresnohomeinspector.com.,Recursive,-,Cache,Referral,None,HIT,0
2025-10-25 22:50:34,10.0.0.1,afresnohomeinspector.com.,Recursive,192.35.51.30,Authoritative,Referral,170.2319,MISS,170.2319
2025-10-25 22:50:34,10.0.0.1,ns1.homeinspectorpro.org.,Recursive,-,Cache,Referral,None,HIT,0
2025-10-25 22:50:34,10.0.0.1,ns1.homeinspectorpro.org.,Recursive,199.19.53.1,Authoritative,Referral,56.2095,MISS,56.2095
2025-10-25 22:50:34,10.0.0.1,ns1.homeinspectorpro.org.,Recursive,67.225.203.78,Authoritative,Response,315.4188,MISS,371.6283
2025-10-25 22:50:35,10.0.0.1,afresnohomeinspector.com.,Recursive,67.225.203.78,Authoritative,Response,307.9725,MISS,679.6008
2025-10-25 22:50:35,10.0.0.1,ns2.homeinspectorpro.org.,Recursive,-,Cache,Referral,None,HIT,0
2025-10-25 22:50:35,10.0.0.1,ns2.homeinspectorpro.org.,Recursive,67.225.203.79,Authoritative,Response,308.1035,MISS,308.1035
2025-10-25 22:50:35,10.0.0.1,afresnohomeinspector.com.,Recursive,67.225.203.79,Authoritative,Response,320.5491,MISS,628.6525
2025-10-25 22:50:35,10.0.0.1,pieceinch.com.,Recursive,-,Cache,Referral,None,HIT,0
2025-10-25 22:50:35,10.0.0.1,pieceinch.com.,Recursive,192.35.51.30,Authoritative,Referral,176.806,MISS,176.806
2025-10-25 22:50:36,10.0.0.1,pieceinch.com.,Recursive,108.162.194.39,Authoritative,Response,61.5351,MISS,238.3411
2025-10-25 22:50:36,10.0.0.1,australiatradenow.com.,Recursive,-,Cache,Referral,None,HIT,0
2025-10-25 22:50:36,10.0.0.1,australiatradenow.com.,Recursive,192.35.51.30,Authoritative,Referral,170.7341,MISS,170.7341
2025-10-25 22:50:36,10.0.0.1,australiatradenow.com.,Recursive,205.251.192.250,Authoritative,Response,46.5972,MISS,217.3312
2025-10-25 22:50:36,10.0.0.1,diamondknot.com.,Recursive,-,Cache,Referral,None,HIT,0
2025-10-25 22:50:36,10.0.0.1,diamondknot.com.,Recursive,192.35.51.30,Authoritative,Referral,173.1881,MISS,173.1881
2025-10-25 22:50:36,10.0.0.1,diamondknot.com.,Recursive,97.74.102.13,Authoritative,Response,181.6249,MISS,354.813
2025-10-25 22:54:16,10.0.0.1,amorefieldlife.com.,Recursive,-,Cache,Referral,None,HIT,0
